{
	"patients": [


		{
			"id": "3e9fd20e-b81c-4698-a7c2-0559e10361fa",
			"birthdate": "1979-08-24",
			"deathdate": "",
			"ssn": "999-46-5746",
			"drivers": "S99951588",
			"passport": "X43863756X",
			"prefix": "Mrs.",
			"first": "Norah104",
			"last": "Stamm704",
			"suffix": "",
			"maiden": "Hagenes547",
			"marital": "M",
			"race": "white",
			"ethnicity": "french",
			"gender": "F",
			"birthplace": "Hanover  Massachusetts  US",
			"address": "678 Trantow Overpass",
			"city": "New Bedford",
			"state": "Massachusetts",
			"zip": "02740"
		},

		{
			"id": "71917638-8142-42da-87f1-fa0ba642f161",
			"birthdate": "1989-10-21",
			"deathdate": "",
			"ssn": "999-95-8365",
			"drivers": "S99995552",
			"passport": "X3761822X",
			"prefix": "Mr.",
			"first": "Eloy929",
			"last": "Dickinson688",
			"suffix": "",
			"maiden": "",
			"marital": "M",
			"race": "white",
			"ethnicity": "english",
			"gender": "M",
			"birthplace": "Dover  Massachusetts  US",
			"address": "431 Armstrong Forge",
			"city": "Upton",
			"state": "Massachusetts",
			"zip": "01568"
		},

		{
			"id": "ecd13907-7903-4886-a7f5-f6e687c758c4",
			"birthdate": "2004-10-11",
			"deathdate": "",
			"ssn": "999-57-6519",
			"drivers": "",
			"passport": "",
			"prefix": "",
			"first": "Galina98",
			"last": "Murray856",
			"suffix": "",
			"maiden": "",
			"marital": "",
			"race": "white",
			"ethnicity": "irish",
			"gender": "F",
			"birthplace": "Barnstable Town  Massachusetts  US",
			"address": "779 Ledner Road Suite 24",
			"city": "Quincy",
			"state": "Massachusetts",
			"zip": "02169"
		},

		{
			"id": "a1dfeccd-86e4-473b-a4ab-bd613db0dc2f",
			"birthdate": "1981-02-05",
			"deathdate": "",
			"ssn": "999-96-3731",
			"drivers": "S99930729",
			"passport": "X83502942X",
			"prefix": "Mrs.",
			"first": "Franchesca574",
			"last": "Kuhic920",
			"suffix": "",
			"maiden": "Goodwin327",
			"marital": "M",
			"race": "white",
			"ethnicity": "italian",
			"gender": "F",
			"birthplace": "Worcester  Massachusetts  US",
			"address": "619 Stiedemann Rue Unit 49",
			"city": "Grafton",
			"state": "Massachusetts",
			"zip": "01519"
		},

		{
			"id": "af1ee647-2278-4d36-8637-a1d043813116",
			"birthdate": "1971-08-21",
			"deathdate": "",
			"ssn": "999-96-3303",
			"drivers": "S99995087",
			"passport": "X43449132X",
			"prefix": "Mrs.",
			"first": "Rosanna866",
			"last": "Hudson301",
			"suffix": "",
			"maiden": "Blick895",
			"marital": "M",
			"race": "white",
			"ethnicity": "italian",
			"gender": "F",
			"birthplace": "Quincy  Massachusetts  US",
			"address": "812 Donnelly Alley Apt 72",
			"city": "Westborough",
			"state": "Massachusetts",
			"zip": "01581"
		},

		{
			"id": "0321643e-675d-42df-b7b7-a994edf99d60",
			"birthdate": "2011-08-23",
			"deathdate": "",
			"ssn": "999-50-3413",
			"drivers": "",
			"passport": "",
			"prefix": "",
			"first": "Marguerite497",
			"last": "Kunde533",
			"suffix": "",
			"maiden": "",
			"marital": "",
			"race": "white",
			"ethnicity": "italian",
			"gender": "F",
			"birthplace": "Brockton  Massachusetts  US",
			"address": "474 Russel Parade",
			"city": "Shrewsbury",
			"state": "Massachusetts",
			"zip": "01545"
		},

		{
			"id": "7a739bbe-76be-4327-8234-56b5d46dd38a",
			"birthdate": "1988-06-15",
			"deathdate": "",
			"ssn": "999-40-7959",
			"drivers": "S99973537",
			"passport": "X25668173X",
			"prefix": "Mrs.",
			"first": "Francisca486",
			"last": "Gerlach374",
			"suffix": "",
			"maiden": "Kulas532",
			"marital": "M",
			"race": "white",
			"ethnicity": "french",
			"gender": "F",
			"birthplace": "Freetown  Massachusetts  US",
			"address": "233 Will Run",
			"city": "Ashland",
			"state": "Massachusetts",
			"zip": "01721"
		},

		{
			"id": "1eb30352-5aba-4fee-9bd2-4487efe0237f",
			"birthdate": "1977-12-03",
			"deathdate": "",
			"ssn": "999-23-2701",
			"drivers": "S99926742",
			"passport": "X36865919X",
			"prefix": "Mrs.",
			"first": "Delinda651",
			"last": "Leuschke194",
			"suffix": "",
			"maiden": "Lowe577",
			"marital": "M",
			"race": "white",
			"ethnicity": "french_canadian",
			"gender": "F",
			"birthplace": "Berlin  Massachusetts  US",
			"address": "727 Mills Common",
			"city": "Middleborough",
			"state": "Massachusetts",
			"zip": "02346"
		},

		{
			"id": "224ee73f-e6ee-497f-908b-937971ed4f5d",
			"birthdate": "1983-05-07",
			"deathdate": "",
			"ssn": "999-36-2962",
			"drivers": "S99993353",
			"passport": "X40513715X",
			"prefix": "Mrs.",
			"first": "Lucile200",
			"last": "Kassulke119",
			"suffix": "",
			"maiden": "Denesik803",
			"marital": "M",
			"race": "asian",
			"ethnicity": "chinese",
			"gender": "F",
			"birthplace": "Hong Kong  Hong Kong Special Administrative Region  CN",
			"address": "963 Kovacek Manor",
			"city": "Acton",
			"state": "Massachusetts",
			"zip": "01720"
		},

		{
			"id": "7abcf886-1e35-4d51-8194-ac3a60151a3c",
			"birthdate": "1969-01-05",
			"deathdate": "2008-01-08",
			"ssn": "999-16-1417",
			"drivers": "S99950218",
			"passport": "X15834921X",
			"prefix": "Mrs.",
			"first": "Odelia236",
			"last": "Rodriguez71",
			"suffix": "",
			"maiden": "Legros616",
			"marital": "M",
			"race": "white",
			"ethnicity": "irish",
			"gender": "F",
			"birthplace": "Newton  Massachusetts  US",
			"address": "662 Grady Wynd Apt 10",
			"city": "Amesbury Town",
			"state": "Massachusetts",
			"zip": "01913"
		},

		{
			"id": "8d2d7a32-cca3-4160-bca8-1a9a1fda87cb",
			"birthdate": "1971-11-30",
			"deathdate": "",
			"ssn": "999-54-6217",
			"drivers": "S99960663",
			"passport": "X45813664X",
			"prefix": "Mr.",
			"first": "John539",
			"last": "Funk324",
			"suffix": "",
			"maiden": "",
			"marital": "M",
			"race": "asian",
			"ethnicity": "chinese",
			"gender": "M",
			"birthplace": "Macau  Macao Special Administrative Region of the People's Republic of China  CN",
			"address": "881 Ferry Bypass",
			"city": "Rockland",
			"state": "Massachusetts",
			"zip": "02370"
		},

		{
			"id": "3f620118-1054-412a-8feb-1b10f01fa61c",
			"birthdate": "1979-03-31",
			"deathdate": "",
			"ssn": "999-77-5967",
			"drivers": "S99960152",
			"passport": "X25830373X",
			"prefix": "Mr.",
			"first": "Brad867",
			"last": "Anderson154",
			"suffix": "",
			"maiden": "",
			"marital": "M",
			"race": "white",
			"ethnicity": "irish",
			"gender": "M",
			"birthplace": "Williamstown  Massachusetts  US",
			"address": "504 Yundt Meadow Suite 79",
			"city": "Cambridge",
			"state": "Massachusetts",
			"zip": "02138"
		},

		{
			"id": "30040a13-4e26-419e-acd2-0164a3e02a18",
			"birthdate": "1969-12-30",
			"deathdate": "",
			"ssn": "999-26-3372",
			"drivers": "S99944836",
			"passport": "X41240732X",
			"prefix": "Mrs.",
			"first": "Marilu588",
			"last": "Domínquez36",
			"suffix": "",
			"maiden": "Cardona494",
			"marital": "M",
			"race": "black",
			"ethnicity": "west_indian",
			"gender": "F",
			"birthplace": "Santo Domingo  National District  DO",
			"address": "771 O'Conner Common",
			"city": "Holyoke",
			"state": "Massachusetts",
			"zip": "01040"
		},

		{
			"id": "e8f86eb9-d5d8-4836-8467-3df2f4ef1b95",
			"birthdate": "1988-05-07",
			"deathdate": "",
			"ssn": "999-29-5418",
			"drivers": "S99964020",
			"passport": "X38938973X",
			"prefix": "Mrs.",
			"first": "Leighann368",
			"last": "Murray856",
			"suffix": "",
			"maiden": "Krajcik437",
			"marital": "M",
			"race": "white",
			"ethnicity": "italian",
			"gender": "F",
			"birthplace": "Waltham  Massachusetts  US",
			"address": "807 Howell Run",
			"city": "Abington",
			"state": "Massachusetts",
			"zip": "02351"
		},

		{
			"id": "bf086ba1-188c-48fd-b81a-74ae29b49ffe",
			"birthdate": "1987-04-21",
			"deathdate": "",
			"ssn": "999-53-2793",
			"drivers": "S99933079",
			"passport": "X29376428X",
			"prefix": "Mrs.",
			"first": "Beula159",
			"last": "Bernier607",
			"suffix": "",
			"maiden": "Wilkinson796",
			"marital": "M",
			"race": "white",
			"ethnicity": "irish",
			"gender": "F",
			"birthplace": "Natick  Massachusetts  US",
			"address": "472 Schaefer Center Apt 46",
			"city": "Buckland",
			"state": "Massachusetts",
			"zip": "01338"
		},

		{
			"id": "0ad78bf2-dd8e-4dd1-804c-6527c394b2ae",
			"birthdate": "2014-12-22",
			"deathdate": "",
			"ssn": "999-98-8145",
			"drivers": "",
			"passport": "",
			"prefix": "",
			"first": "Petra678",
			"last": "Pagac496",
			"suffix": "",
			"maiden": "",
			"marital": "",
			"race": "white",
			"ethnicity": "italian",
			"gender": "F",
			"birthplace": "Northampton  Massachusetts  US",
			"address": "578 Mills Plaza",
			"city": "Sudbury",
			"state": "Massachusetts",
			"zip": "01776"
		},

		{
			"id": "ef8b7243-1eee-4bd2-a07c-888127e26175",
			"birthdate": "1969-01-05",
			"deathdate": "",
			"ssn": "999-45-9405",
			"drivers": "S99931423",
			"passport": "X33206125X",
			"prefix": "Mrs.",
			"first": "Skye332",
			"last": "Orn563",
			"suffix": "",
			"maiden": "Nader710",
			"marital": "M",
			"race": "white",
			"ethnicity": "irish",
			"gender": "F",
			"birthplace": "Rockland  Massachusetts  US",
			"address": "112 Huel Trafficway",
			"city": "Amesbury Town",
			"state": "Massachusetts",
			"zip": "01913"
		},

		{
			"id": "ce4cf349-7435-44c5-b7b5-35f232ef5d12",
			"birthdate": "1956-05-19",
			"deathdate": "",
			"ssn": "999-68-4214",
			"drivers": "S99949646",
			"passport": "X7005364X",
			"prefix": "Mr.",
			"first": "Toney527",
			"last": "Kemmer137",
			"suffix": "",
			"maiden": "",
			"marital": "M",
			"race": "white",
			"ethnicity": "swedish",
			"gender": "M",
			"birthplace": "Rockland  Massachusetts  US",
			"address": "1051 Bayer Common",
			"city": "Amesbury Town",
			"state": "Massachusetts",
			"zip": "01913"
		},

		{
			"id": "bbf15b32-fe80-4364-a076-ed386a806e78",
			"birthdate": "1978-01-23",
			"deathdate": "",
			"ssn": "999-46-4575",
			"drivers": "S99946387",
			"passport": "X10464819X",
			"prefix": "Mrs.",
			"first": "Claudie965",
			"last": "Luettgen772",
			"suffix": "",
			"maiden": "Gulgowski816",
			"marital": "M",
			"race": "black",
			"ethnicity": "west_indian",
			"gender": "F",
			"birthplace": "Bridgewater  Massachusetts  US",
			"address": "615 Jacobson Station",
			"city": "Salisbury",
			"state": "Massachusetts",
			"zip": "01952"
		},

		{
			"id": "55ed2d76-7d9f-4958-9746-209337a6d6a8",
			"birthdate": "1996-02-23",
			"deathdate": "",
			"ssn": "999-12-4419",
			"drivers": "S99911468",
			"passport": "X30298855X",
			"prefix": "Ms.",
			"first": "Danyelle408",
			"last": "Bahringer146",
			"suffix": "",
			"maiden": "",
			"marital": "",
			"race": "white",
			"ethnicity": "irish",
			"gender": "F",
			"birthplace": "Braintree Town  Massachusetts  US",
			"address": "244 Rice Lodge Suite 77",
			"city": "Boston",
			"state": "Massachusetts",
			"zip": "02108"
		},

		{
			"id": "87a78a01-9b41-4cf5-ad87-92c1634f6c48",
			"birthdate": "2002-01-21",
			"deathdate": "",
			"ssn": "999-48-9667",
			"drivers": "S99972216",
			"passport": "",
			"prefix": "",
			"first": "Alvin56",
			"last": "Bartoletti50",
			"suffix": "",
			"maiden": "",
			"marital": "",
			"race": "white",
			"ethnicity": "irish",
			"gender": "M",
			"birthplace": "Acushnet  Massachusetts  US",
			"address": "422 Hauck Crossing Suite 91",
			"city": "Amesbury Town",
			"state": "Massachusetts",
			"zip": "01913"
		},

		{
			"id": "7092bed3-17a5-43b6-b3d3-f2d29a784fcb",
			"birthdate": "1918-12-03",
			"deathdate": "2005-02-16",
			"ssn": "999-68-4144",
			"drivers": "S99944826",
			"passport": "X38634668X",
			"prefix": "Mrs.",
			"first": "Kelley882",
			"last": "Reynolds644",
			"suffix": "",
			"maiden": "Leannon79",
			"marital": "M",
			"race": "white",
			"ethnicity": "polish",
			"gender": "F",
			"birthplace": "Lynn  Massachusetts  US",
			"address": "778 Hammes Rue",
			"city": "Barnstable Town",
			"state": "Massachusetts",
			"zip": "02601"
		},

		{
			"id": "402dd8b2-3411-4cba-8e96-e287afa7e1c9",
			"birthdate": "1964-10-17",
			"deathdate": "",
			"ssn": "999-43-2877",
			"drivers": "S99956886",
			"passport": "X60609189X",
			"prefix": "Mr.",
			"first": "Simon598",
			"last": "Schinner682",
			"suffix": "",
			"maiden": "",
			"marital": "M",
			"race": "asian",
			"ethnicity": "chinese",
			"gender": "M",
			"birthplace": "Beijing  Beijing Municipality  CN",
			"address": "1001 Veum Divide Unit 66",
			"city": "Pepperell",
			"state": "Massachusetts",
			"zip": "01463"
		},

		{
			"id": "9a89bf3d-8e6c-42ec-82d8-d4aaff10e254",
			"birthdate": "1985-10-25",
			"deathdate": "",
			"ssn": "999-69-9854",
			"drivers": "S99947502",
			"passport": "X71777400X",
			"prefix": "Ms.",
			"first": "Audie868",
			"last": "Murray856",
			"suffix": "",
			"maiden": "",
			"marital": "S",
			"race": "asian",
			"ethnicity": "chinese",
			"gender": "F",
			"birthplace": "Shanghai  Shanghai Municipality  CN",
			"address": "105 Thiel Promenade",
			"city": "Burlington",
			"state": "Massachusetts",
			"zip": "01803"
		},

		{
			"id": "4298ae41-3da7-436c-a736-c7635f7bb994",
			"birthdate": "1956-10-19",
			"deathdate": "",
			"ssn": "999-40-3447",
			"drivers": "S99943451",
			"passport": "X81782807X",
			"prefix": "Mrs.",
			"first": "Lewis216",
			"last": "Deckow585",
			"suffix": "",
			"maiden": "Larkin917",
			"marital": "M",
			"race": "white",
			"ethnicity": "irish",
			"gender": "F",
			"birthplace": "Boston  Massachusetts  US",
			"address": "911 Bergstrom Trafficway Unit 57",
			"city": "Lawrence",
			"state": "Massachusetts",
			"zip": "01840"
		},

		{
			"id": "2847c8f5-89a9-4965-8c8b-86b96624392b",
			"birthdate": "1998-10-05",
			"deathdate": "",
			"ssn": "999-90-2593",
			"drivers": "S99947285",
			"passport": "X31836309X",
			"prefix": "Ms.",
			"first": "Sharyl439",
			"last": "Pollich983",
			"suffix": "",
			"maiden": "",
			"marital": "",
			"race": "white",
			"ethnicity": "french",
			"gender": "F",
			"birthplace": "New Bedford  Massachusetts  US",
			"address": "472 Reilly Road Apt 87",
			"city": "Cambridge",
			"state": "Massachusetts",
			"zip": "02138"
		},

		{
			"id": "46d8446b-b4ec-4363-a5c7-90093a71fd89",
			"birthdate": "1985-04-29",
			"deathdate": "",
			"ssn": "999-72-6148",
			"drivers": "S99950068",
			"passport": "X63054892X",
			"prefix": "Mrs.",
			"first": "Cristi782",
			"last": "Bayer639",
			"suffix": "",
			"maiden": "Strosin214",
			"marital": "M",
			"race": "white",
			"ethnicity": "french",
			"gender": "F",
			"birthplace": "Conway  Massachusetts  US",
			"address": "473 Waters Lodge Suite 13",
			"city": "Attleboro",
			"state": "Massachusetts",
			"zip": "02703"
		},

		{
			"id": "47c75106-0e55-44c0-8808-3e37d4debd50",
			"birthdate": "1951-02-10",
			"deathdate": "",
			"ssn": "999-62-5027",
			"drivers": "S99927074",
			"passport": "X89102351X",
			"prefix": "Mrs.",
			"first": "Lavona767",
			"last": "Yundt842",
			"suffix": "",
			"maiden": "Smith67",
			"marital": "M",
			"race": "white",
			"ethnicity": "french",
			"gender": "F",
			"birthplace": "Lynn  Massachusetts  US",
			"address": "526 Lockman Crossroad Unit 80",
			"city": "Medway",
			"state": "Massachusetts",
			"zip": "02053"
		},

		{
			"id": "4a29aa0c-75a1-4083-be05-255a7b34a962",
			"birthdate": "1954-04-08",
			"deathdate": "",
			"ssn": "999-34-7498",
			"drivers": "S99998532",
			"passport": "X2023370X",
			"prefix": "Mr.",
			"first": "Vicente970",
			"last": "Wiza601",
			"suffix": "",
			"maiden": "",
			"marital": "S",
			"race": "black",
			"ethnicity": "west_indian",
			"gender": "M",
			"birthplace": "Port-au-Prince  Haiti  HT",
			"address": "766 Collier Quay Unit 29",
			"city": "North Attleborough",
			"state": "Massachusetts",
			"zip": ""
		},

		{
			"id": "8e3256d4-77ff-4c75-ae12-1c3542e0f249",
			"birthdate": "1949-11-17",
			"deathdate": "",
			"ssn": "999-30-3563",
			"drivers": "S99949776",
			"passport": "X51035942X",
			"prefix": "Mrs.",
			"first": "Jesenia223",
			"last": "Nitzsche158",
			"suffix": "",
			"maiden": "Runolfsson901",
			"marital": "M",
			"race": "white",
			"ethnicity": "irish",
			"gender": "F",
			"birthplace": "Boston  Massachusetts  US",
			"address": "137 Feeney Run",
			"city": "Holden",
			"state": "Massachusetts",
			"zip": "01520"
		},

		{
			"id": "e5313cff-a9f9-42f9-8045-fe520cf9ada4",
			"birthdate": "2008-01-02",
			"deathdate": "",
			"ssn": "999-64-8578",
			"drivers": "",
			"passport": "",
			"prefix": "",
			"first": "Isaac321",
			"last": "Hayes766",
			"suffix": "",
			"maiden": "",
			"marital": "",
			"race": "white",
			"ethnicity": "polish",
			"gender": "M",
			"birthplace": "Boston  Massachusetts  US",
			"address": "573 Sawayn Dam",
			"city": "Ludlow",
			"state": "Massachusetts",
			"zip": "01056"
		},

		{
			"id": "3d287899-4841-4637-b80d-44bb492ea2ce",
			"birthdate": "1977-04-05",
			"deathdate": "",
			"ssn": "999-32-1656",
			"drivers": "S99912864",
			"passport": "X1477507X",
			"prefix": "Ms.",
			"first": "Robbi844",
			"last": "Swaniawski813",
			"suffix": "",
			"maiden": "",
			"marital": "S",
			"race": "white",
			"ethnicity": "german",
			"gender": "F",
			"birthplace": "Middleborough  Massachusetts  US",
			"address": "292 Abernathy Lodge Suite 97",
			"city": "Sandwich",
			"state": "Massachusetts",
			"zip": "02563"
		},

		{
			"id": "78fb6d4c-cdad-423d-85ef-085b8cb61bd2",
			"birthdate": "1918-12-03",
			"deathdate": "1996-02-24",
			"ssn": "999-71-8040",
			"drivers": "S99941545",
			"passport": "X12953996X",
			"prefix": "Mrs.",
			"first": "Hwa978",
			"last": "Krajcik437",
			"suffix": "",
			"maiden": "Kassulke119",
			"marital": "M",
			"race": "white",
			"ethnicity": "polish",
			"gender": "F",
			"birthplace": "Lee  Massachusetts  US",
			"address": "1045 Terry Bypass Apt 17",
			"city": "Barnstable Town",
			"state": "Massachusetts",
			"zip": "02601"
		},

		{
			"id": "ca3c0efa-a343-4dc1-8292-389aed442b0f",
			"birthdate": "1995-01-21",
			"deathdate": "",
			"ssn": "999-84-5961",
			"drivers": "S99930692",
			"passport": "X27899054X",
			"prefix": "Ms.",
			"first": "Kristal814",
			"last": "Herzog843",
			"suffix": "",
			"maiden": "",
			"marital": "",
			"race": "white",
			"ethnicity": "german",
			"gender": "F",
			"birthplace": "Stockbridge  Massachusetts  US",
			"address": "355 Sawayn Meadow",
			"city": "Springfield",
			"state": "Massachusetts",
			"zip": "01013"
		},

		{
			"id": "92cf0b13-bb94-427d-89cf-591edb799e75",
			"birthdate": "2003-06-12",
			"deathdate": "",
			"ssn": "999-59-8531",
			"drivers": "",
			"passport": "",
			"prefix": "",
			"first": "Syreeta495",
			"last": "Marquardt819",
			"suffix": "",
			"maiden": "",
			"marital": "",
			"race": "white",
			"ethnicity": "french",
			"gender": "F",
			"birthplace": "Marshfield  Massachusetts  US",
			"address": "299 Emmerich Crossing Apt 28",
			"city": "Attleboro",
			"state": "Massachusetts",
			"zip": "02703"
		},

		{
			"id": "6a9f3ee0-3769-41f7-a19c-f7eaf7ce1ef6",
			"birthdate": "1944-07-23",
			"deathdate": "",
			"ssn": "999-29-1642",
			"drivers": "S99976063",
			"passport": "X62193857X",
			"prefix": "Mrs.",
			"first": "Julia241",
			"last": "Rowe323",
			"suffix": "",
			"maiden": "Reichert620",
			"marital": "M",
			"race": "white",
			"ethnicity": "italian",
			"gender": "F",
			"birthplace": "Belmont  Massachusetts  US",
			"address": "374 Brown Club",
			"city": "Walpole",
			"state": "Massachusetts",
			"zip": "02081"
		},

		{
			"id": "66cb20f7-7e7f-4849-9d42-bd419474d866",
			"birthdate": "2007-01-18",
			"deathdate": "",
			"ssn": "999-66-5370",
			"drivers": "",
			"passport": "",
			"prefix": "",
			"first": "Myong12",
			"last": "Fadel536",
			"suffix": "",
			"maiden": "",
			"marital": "",
			"race": "white",
			"ethnicity": "american",
			"gender": "F",
			"birthplace": "Lynnfield  Massachusetts  US",
			"address": "350 Greenfelder Hollow",
			"city": "Randolph",
			"state": "Massachusetts",
			"zip": "02368"
		},

		{
			"id": "47b0f941-5703-45b2-ba6f-25fbe1f29ddf",
			"birthdate": "1984-03-06",
			"deathdate": "",
			"ssn": "999-12-6458",
			"drivers": "S99920317",
			"passport": "X18076551X",
			"prefix": "Mr.",
			"first": "Dustin31",
			"last": "Lowe577",
			"suffix": "",
			"maiden": "",
			"marital": "M",
			"race": "white",
			"ethnicity": "irish",
			"gender": "M",
			"birthplace": "Waltham  Massachusetts  US",
			"address": "909 Abshire Grove",
			"city": "Springfield",
			"state": "Massachusetts",
			"zip": "01013"
		},

		{
			"id": "c3b97ecc-7027-4ac6-88b2-b905ac577ce0",
			"birthdate": "1986-03-23",
			"deathdate": "",
			"ssn": "999-78-8255",
			"drivers": "S99929161",
			"passport": "X34180110X",
			"prefix": "Mr.",
			"first": "Jason347",
			"last": "Schneider199",
			"suffix": "",
			"maiden": "",
			"marital": "S",
			"race": "white",
			"ethnicity": "italian",
			"gender": "M",
			"birthplace": "Lawrence  Massachusetts  US",
			"address": "621 Kub Glen Suite 42",
			"city": "Boston",
			"state": "Massachusetts",
			"zip": "02108"
		},

		{
			"id": "48bce518-9b09-4992-bdca-ae42fd21e5d6",
			"birthdate": "1973-11-13",
			"deathdate": "",
			"ssn": "999-98-4587",
			"drivers": "S99979524",
			"passport": "X14722300X",
			"prefix": "Mrs.",
			"first": "Carolina179",
			"last": "Ureña88",
			"suffix": "",
			"maiden": "Amador986",
			"marital": "M",
			"race": "hispanic",
			"ethnicity": "puerto_rican",
			"gender": "F",
			"birthplace": "Ponce  Puerto Rico  PR",
			"address": "311 Stark Light",
			"city": "Medford",
			"state": "Massachusetts",
			"zip": "02145"
		},

		{
			"id": "c2e667ce-286c-4cda-a039-aca9db747b28",
			"birthdate": "2015-04-08",
			"deathdate": "",
			"ssn": "999-32-6187",
			"drivers": "",
			"passport": "",
			"prefix": "",
			"first": "Ramón841",
			"last": "Padrón382",
			"suffix": "",
			"maiden": "",
			"marital": "",
			"race": "hispanic",
			"ethnicity": "south_american",
			"gender": "M",
			"birthplace": "Rio de Janerio  Rio de Janerio  BR",
			"address": "451 Mayer Stravenue",
			"city": "Georgetown",
			"state": "Massachusetts",
			"zip": "01833"
		},

		{
			"id": "9786927d-e893-4626-93f5-6ce5d02b75e7",
			"birthdate": "1965-03-04",
			"deathdate": "",
			"ssn": "999-17-4680",
			"drivers": "S99944402",
			"passport": "X69567081X",
			"prefix": "Mr.",
			"first": "Theron432",
			"last": "Feil794",
			"suffix": "",
			"maiden": "",
			"marital": "M",
			"race": "white",
			"ethnicity": "irish",
			"gender": "M",
			"birthplace": "Lowell  Massachusetts  US",
			"address": "1075 Quigley Meadow",
			"city": "Ludlow",
			"state": "Massachusetts",
			"zip": "01056"
		},

		{
			"id": "32d5c083-f7d5-417c-a782-bfe51ef3ea6e",
			"birthdate": "1987-05-24",
			"deathdate": "",
			"ssn": "999-78-2228",
			"drivers": "S99959510",
			"passport": "X44511172X",
			"prefix": "Mr.",
			"first": "Christopher407",
			"last": "Kassulke119",
			"suffix": "",
			"maiden": "",
			"marital": "S",
			"race": "white",
			"ethnicity": "portuguese",
			"gender": "M",
			"birthplace": "Norwood  Massachusetts  US",
			"address": "933 Lueilwitz Course Suite 67",
			"city": "Quincy",
			"state": "Massachusetts",
			"zip": "02169"
		},

		{
			"id": "bf36fe45-c80f-492f-a07e-17d5bf2ffe7d",
			"birthdate": "1989-01-05",
			"deathdate": "",
			"ssn": "999-35-2316",
			"drivers": "S99943742",
			"passport": "X75755740X",
			"prefix": "Mrs.",
			"first": "Wei843",
			"last": "Hahn503",
			"suffix": "",
			"maiden": "Legros616",
			"marital": "M",
			"race": "hispanic",
			"ethnicity": "puerto_rican",
			"gender": "F",
			"birthplace": "Rockland  Massachusetts  US",
			"address": "1030 Altenwerth Crossroad Apt 86",
			"city": "West Springfield Town",
			"state": "Massachusetts",
			"zip": "01089"
		},

		{
			"id": "156effeb-af23-4148-b0f0-2d951ad19781",
			"birthdate": "1945-12-07",
			"deathdate": "",
			"ssn": "999-46-1654",
			"drivers": "S99994917",
			"passport": "X7543016X",
			"prefix": "Mr.",
			"first": "Trenton748",
			"last": "Roob72",
			"suffix": "",
			"maiden": "",
			"marital": "M",
			"race": "white",
			"ethnicity": "irish",
			"gender": "M",
			"birthplace": "New Bedford  Massachusetts  US",
			"address": "695 Skiles Well",
			"city": "Beverly",
			"state": "Massachusetts",
			"zip": "01915"
		},

		{
			"id": "7065359e-eaf7-4f3b-a9e7-c7062b47d6cb",
			"birthdate": "1967-10-11",
			"deathdate": "",
			"ssn": "999-41-4343",
			"drivers": "S99933125",
			"passport": "X34962661X",
			"prefix": "Mrs.",
			"first": "Estrella224",
			"last": "Kemmer137",
			"suffix": "",
			"maiden": "Erdman779",
			"marital": "M",
			"race": "white",
			"ethnicity": "irish",
			"gender": "F",
			"birthplace": "Walpole  Massachusetts  US",
			"address": "490 Baumbach Row",
			"city": "Newton",
			"state": "Massachusetts",
			"zip": "02458"
		},

		{
			"id": "298564cb-5bde-4268-902c-1fe92d6fd7a6",
			"birthdate": "1999-03-31",
			"deathdate": "",
			"ssn": "999-40-3710",
			"drivers": "S99917263",
			"passport": "",
			"prefix": "Ms.",
			"first": "Perry780",
			"last": "Gibson10",
			"suffix": "",
			"maiden": "",
			"marital": "",
			"race": "white",
			"ethnicity": "italian",
			"gender": "F",
			"birthplace": "Brookline  Massachusetts  US",
			"address": "388 Eichmann Trail",
			"city": "Swampscott",
			"state": "Massachusetts",
			"zip": "01907"
		},

		{
			"id": "c7dd2aaf-476c-4ba1-bad9-46cb7fb4895c",
			"birthdate": "1944-09-13",
			"deathdate": "",
			"ssn": "999-59-6003",
			"drivers": "S99992260",
			"passport": "X25025655X",
			"prefix": "Mrs.",
			"first": "Keshia89",
			"last": "Brekke496",
			"suffix": "",
			"maiden": "Aufderhar910",
			"marital": "M",
			"race": "white",
			"ethnicity": "russian",
			"gender": "F",
			"birthplace": "Somerville  Massachusetts  US",
			"address": "707 Koss Plaza",
			"city": "Lowell",
			"state": "Massachusetts",
			"zip": "01850"
		},

		{
			"id": "7ebc4f78-8c61-4f36-a399-05bf933c2630",
			"birthdate": "2007-09-18",
			"deathdate": "",
			"ssn": "999-63-2788",
			"drivers": "",
			"passport": "",
			"prefix": "",
			"first": "Kena893",
			"last": "Feeney44",
			"suffix": "",
			"maiden": "",
			"marital": "",
			"race": "white",
			"ethnicity": "portuguese",
			"gender": "F",
			"birthplace": "Faro  Algarve  PT",
			"address": "1001 Witting Pathway Unit 56",
			"city": "Stoneham",
			"state": "Massachusetts",
			"zip": "02180"
		},

		{
			"id": "7102114c-76be-4074-80cc-1cc8dc9af968",
			"birthdate": "2013-07-21",
			"deathdate": "",
			"ssn": "999-46-3625",
			"drivers": "",
			"passport": "",
			"prefix": "",
			"first": "Richie600",
			"last": "Reichel38",
			"suffix": "",
			"maiden": "",
			"marital": "",
			"race": "white",
			"ethnicity": "swedish",
			"gender": "M",
			"birthplace": "Shirley  Massachusetts  US",
			"address": "438 Champlin Green",
			"city": "Somerset",
			"state": "Massachusetts",
			"zip": "02725"
		},

		{
			"id": "cf199037-1449-4a31-aae3-a6c390c1f4a1",
			"birthdate": "1976-07-01",
			"deathdate": "",
			"ssn": "999-60-2777",
			"drivers": "S99941597",
			"passport": "X6340638X",
			"prefix": "Mr.",
			"first": "Michel472",
			"last": "Leannon79",
			"suffix": "",
			"maiden": "",
			"marital": "M",
			"race": "white",
			"ethnicity": "irish",
			"gender": "M",
			"birthplace": "Milton  Massachusetts  US",
			"address": "692 Walsh Avenue Apt 37",
			"city": "Hopedale",
			"state": "Massachusetts",
			"zip": "01747"
		},

		{
			"id": "6ea9adf0-8f4d-44ce-8ce0-3658078f0dbf",
			"birthdate": "1918-12-03",
			"deathdate": "",
			"ssn": "999-58-6470",
			"drivers": "S99941247",
			"passport": "X89067614X",
			"prefix": "Mrs.",
			"first": "Analisa263",
			"last": "Rau926",
			"suffix": "",
			"maiden": "Stoltenberg489",
			"marital": "M",
			"race": "white",
			"ethnicity": "polish",
			"gender": "F",
			"birthplace": "Wareham  Massachusetts  US",
			"address": "190 Shields Annex Unit 72",
			"city": "Barnstable Town",
			"state": "Massachusetts",
			"zip": "02601"
		},

		{
			"id": "0cc376be-048f-49bb-af58-2e4f272f4a07",
			"birthdate": "1995-01-14",
			"deathdate": "",
			"ssn": "999-11-6240",
			"drivers": "S99929777",
			"passport": "X84445946X",
			"prefix": "Ms.",
			"first": "Elaine830",
			"last": "Kuphal363",
			"suffix": "",
			"maiden": "",
			"marital": "",
			"race": "white",
			"ethnicity": "italian",
			"gender": "F",
			"birthplace": "Westfield  Massachusetts  US",
			"address": "297 Hermiston Gardens",
			"city": "Winthrop Town",
			"state": "Massachusetts",
			"zip": "02128"
		},

		{
			"id": "41362f93-5e34-44c8-a9c5-5c1ac538b999",
			"birthdate": "1965-04-14",
			"deathdate": "",
			"ssn": "999-59-7395",
			"drivers": "S99982262",
			"passport": "X20437257X",
			"prefix": "Mrs.",
			"first": "Sammy219",
			"last": "Harber290",
			"suffix": "",
			"maiden": "Douglas31",
			"marital": "M",
			"race": "white",
			"ethnicity": "italian",
			"gender": "F",
			"birthplace": "Andover  Massachusetts  US",
			"address": "818 Greenfelder Highlands Suite 83",
			"city": "Arlington",
			"state": "Massachusetts",
			"zip": "02474"
		},

		{
			"id": "eed41654-93fc-47c4-a42e-47d4cfd4a118",
			"birthdate": "2008-04-29",
			"deathdate": "",
			"ssn": "999-35-3497",
			"drivers": "",
			"passport": "",
			"prefix": "",
			"first": "Jody426",
			"last": "Wehner319",
			"suffix": "",
			"maiden": "",
			"marital": "",
			"race": "white",
			"ethnicity": "italian",
			"gender": "M",
			"birthplace": "Newton  Massachusetts  US",
			"address": "415 Nikolaus Corner",
			"city": "Salisbury",
			"state": "Massachusetts",
			"zip": "01952"
		},

		{
			"id": "556052da-ad6b-4c39-bb0c-001e78126393",
			"birthdate": "1948-12-11",
			"deathdate": "",
			"ssn": "999-58-4458",
			"drivers": "S99949438",
			"passport": "X72036626X",
			"prefix": "Mrs.",
			"first": "Alayna598",
			"last": "Buckridge80",
			"suffix": "",
			"maiden": "Bashirian201",
			"marital": "M",
			"race": "white",
			"ethnicity": "italian",
			"gender": "F",
			"birthplace": "Framingham  Massachusetts  US",
			"address": "691 Mayer Viaduct Suite 28",
			"city": "Provincetown",
			"state": "Massachusetts",
			"zip": "02657"
		},

		{
			"id": "f8dc935e-a476-47c8-b4b3-2a6fa97d3d95",
			"birthdate": "1997-05-24",
			"deathdate": "",
			"ssn": "999-15-2289",
			"drivers": "S99922498",
			"passport": "X64360639X",
			"prefix": "Ms.",
			"first": "Lani848",
			"last": "O'Connell601",
			"suffix": "",
			"maiden": "",
			"marital": "",
			"race": "white",
			"ethnicity": "scottish",
			"gender": "F",
			"birthplace": "Milton  Massachusetts  US",
			"address": "859 Lakin Avenue Apt 81",
			"city": "Boston",
			"state": "Massachusetts",
			"zip": "02108"
		},

		{
			"id": "deb75f2a-051f-4cae-81cb-a2592e41dd86",
			"birthdate": "1967-06-11",
			"deathdate": "",
			"ssn": "999-54-6754",
			"drivers": "S99979442",
			"passport": "X48036948X",
			"prefix": "Mr.",
			"first": "Paul232",
			"last": "Hyatt152",
			"suffix": "",
			"maiden": "",
			"marital": "M",
			"race": "white",
			"ethnicity": "italian",
			"gender": "M",
			"birthplace": "Dartmouth  Massachusetts  US",
			"address": "694 Kub Vale",
			"city": "Boston",
			"state": "Massachusetts",
			"zip": "02108"
		},

		{
			"id": "33df4b24-4066-4e44-af95-3127d7cc3cfe",
			"birthdate": "1973-10-28",
			"deathdate": "",
			"ssn": "999-80-8524",
			"drivers": "S99919126",
			"passport": "X30416537X",
			"prefix": "Mr.",
			"first": "Eldon28",
			"last": "Fahey393",
			"suffix": "",
			"maiden": "",
			"marital": "S",
			"race": "white",
			"ethnicity": "irish",
			"gender": "M",
			"birthplace": "Brookline  Massachusetts  US",
			"address": "334 Brown Bay Apt 55",
			"city": "Dedham",
			"state": "Massachusetts",
			"zip": "02026"
		},

		{
			"id": "f76c12ed-d934-424d-9941-3d98b6423230",
			"birthdate": "2004-05-23",
			"deathdate": "",
			"ssn": "999-26-4559",
			"drivers": "",
			"passport": "",
			"prefix": "",
			"first": "Stephan15",
			"last": "Terry864",
			"suffix": "",
			"maiden": "",
			"marital": "",
			"race": "white",
			"ethnicity": "french",
			"gender": "M",
			"birthplace": "Sudbury  Massachusetts  US",
			"address": "124 Trantow Trafficway Suite 66",
			"city": "Somerset",
			"state": "Massachusetts",
			"zip": "02725"
		},

		{
			"id": "47e5999b-76dc-45f2-8391-7bede50c26ab",
			"birthdate": "1995-11-18",
			"deathdate": "",
			"ssn": "999-36-6436",
			"drivers": "S99970230",
			"passport": "X6845130X",
			"prefix": "Mr.",
			"first": "Nathanial472",
			"last": "Kirlin939",
			"suffix": "",
			"maiden": "",
			"marital": "",
			"race": "white",
			"ethnicity": "italian",
			"gender": "M",
			"birthplace": "Townsend  Massachusetts  US",
			"address": "439 Raynor Meadow Suite 86",
			"city": "Attleboro",
			"state": "Massachusetts",
			"zip": "02703"
		},

		{
			"id": "6d8367dd-e546-4c2e-97b4-2ea82184232a",
			"birthdate": "1951-09-18",
			"deathdate": "",
			"ssn": "999-44-7915",
			"drivers": "S99953932",
			"passport": "X76978787X",
			"prefix": "Mrs.",
			"first": "Trisha327",
			"last": "Hagenes547",
			"suffix": "",
			"maiden": "Graham902",
			"marital": "M",
			"race": "white",
			"ethnicity": "english",
			"gender": "F",
			"birthplace": "Mansfield  Massachusetts  US",
			"address": "847 Ritchie Alley",
			"city": "Amherst",
			"state": "Massachusetts",
			"zip": "01002"
		},

		{
			"id": "02a45eb4-a3f3-4157-ab5c-d0621f2b7073",
			"birthdate": "1961-04-07",
			"deathdate": "",
			"ssn": "999-93-7528",
			"drivers": "S99998714",
			"passport": "X71645893X",
			"prefix": "Mr.",
			"first": "Julian715",
			"last": "Hansen121",
			"suffix": "",
			"maiden": "",
			"marital": "M",
			"race": "white",
			"ethnicity": "english",
			"gender": "M",
			"birthplace": "Lynn  Massachusetts  US",
			"address": "396 Kerluke Approach Unit 97",
			"city": "Falmouth",
			"state": "Massachusetts",
			"zip": "02540"
		},

		{
			"id": "2f9effee-365c-4bac-b79d-6632b3b2aee3",
			"birthdate": "1942-05-05",
			"deathdate": "",
			"ssn": "999-72-5345",
			"drivers": "S99932834",
			"passport": "X1823858X",
			"prefix": "Mrs.",
			"first": "Jeanna557",
			"last": "Streich926",
			"suffix": "",
			"maiden": "King743",
			"marital": "M",
			"race": "white",
			"ethnicity": "italian",
			"gender": "F",
			"birthplace": "Orange  Massachusetts  US",
			"address": "466 Armstrong Wall Suite 38",
			"city": "Westwood",
			"state": "Massachusetts",
			"zip": "02090"
		},

		{
			"id": "dba64242-e165-4ad3-8816-5ccef767b3e0",
			"birthdate": "1942-07-08",
			"deathdate": "",
			"ssn": "999-17-7819",
			"drivers": "S99939711",
			"passport": "X20869154X",
			"prefix": "Mr.",
			"first": "Douglas31",
			"last": "Turcotte120",
			"suffix": "",
			"maiden": "",
			"marital": "S",
			"race": "white",
			"ethnicity": "english",
			"gender": "M",
			"birthplace": "Milton  Massachusetts  US",
			"address": "162 Blick Approach Unit 94",
			"city": "Boston",
			"state": "Massachusetts",
			"zip": "02108"
		},

		{
			"id": "b676480c-4440-4239-bd6f-20f867d766e2",
			"birthdate": "1979-08-28",
			"deathdate": "",
			"ssn": "999-15-1680",
			"drivers": "S99982366",
			"passport": "X73261343X",
			"prefix": "Ms.",
			"first": "Monserrate4",
			"last": "Brakus656",
			"suffix": "",
			"maiden": "",
			"marital": "S",
			"race": "asian",
			"ethnicity": "chinese",
			"gender": "F",
			"birthplace": "Bridgewater  Massachusetts  US",
			"address": "324 O'Keefe View Unit 83",
			"city": "Medford",
			"state": "Massachusetts",
			"zip": "02145"
		},

		{
			"id": "12970fef-a879-42e0-8b95-a988852664da",
			"birthdate": "1971-12-17",
			"deathdate": "",
			"ssn": "999-55-4156",
			"drivers": "S99933217",
			"passport": "X61010577X",
			"prefix": "Mrs.",
			"first": "Carmen818",
			"last": "Prieto999",
			"suffix": "",
			"maiden": "Quezada963",
			"marital": "M",
			"race": "hispanic",
			"ethnicity": "puerto_rican",
			"gender": "F",
			"birthplace": "Bayamon  Puerto Rico  PR",
			"address": "814 Collins Divide",
			"city": "North Andover",
			"state": "Massachusetts",
			"zip": "01845"
		},

		{
			"id": "dffef9ff-166f-42b9-a5f0-dc908f7f9c51",
			"birthdate": "1962-02-18",
			"deathdate": "",
			"ssn": "999-95-1794",
			"drivers": "S99994431",
			"passport": "X17328597X",
			"prefix": "Mr.",
			"first": "Mac103",
			"last": "Keebler762",
			"suffix": "",
			"maiden": "",
			"marital": "M",
			"race": "white",
			"ethnicity": "polish",
			"gender": "M",
			"birthplace": "Upton  Massachusetts  US",
			"address": "1089 Kilback Highlands",
			"city": "Quincy",
			"state": "Massachusetts",
			"zip": "02169"
		},

		{
			"id": "19b66c49-1d18-4c06-a65b-e0e24e8244ef",
			"birthdate": "1966-08-03",
			"deathdate": "",
			"ssn": "999-24-7044",
			"drivers": "S99979245",
			"passport": "X43394142X",
			"prefix": "Mr.",
			"first": "Shane235",
			"last": "Kuhic920",
			"suffix": "",
			"maiden": "",
			"marital": "M",
			"race": "white",
			"ethnicity": "italian",
			"gender": "M",
			"birthplace": "Boston  Massachusetts  US",
			"address": "206 McGlynn Green",
			"city": "Northborough",
			"state": "Massachusetts",
			"zip": "01532"
		},

		{
			"id": "3c40f3d2-3f5a-44ae-888e-7533bbea38b8",
			"birthdate": "1974-03-01",
			"deathdate": "",
			"ssn": "999-10-5377",
			"drivers": "S99978776",
			"passport": "X69066115X",
			"prefix": "Mrs.",
			"first": "Marta91",
			"last": "Hintz995",
			"suffix": "",
			"maiden": "Renner328",
			"marital": "M",
			"race": "white",
			"ethnicity": "polish",
			"gender": "F",
			"birthplace": "Abington  Massachusetts  US",
			"address": "275 Kuhlman Gardens",
			"city": "Essex",
			"state": "Massachusetts",
			"zip": "01929"
		},

		{
			"id": "df28f253-6b67-403d-a98a-e10c9ea821e0",
			"birthdate": "1998-05-14",
			"deathdate": "",
			"ssn": "999-60-7452",
			"drivers": "S99985672",
			"passport": "X64065230X",
			"prefix": "Mr.",
			"first": "Lowell343",
			"last": "Gerlach374",
			"suffix": "",
			"maiden": "",
			"marital": "",
			"race": "white",
			"ethnicity": "french",
			"gender": "M",
			"birthplace": "Dennis  Massachusetts  US",
			"address": "399 Zulauf Viaduct Unit 7",
			"city": "East Longmeadow",
			"state": "Massachusetts",
			"zip": "01028"
		},

		{
			"id": "808a2404-9b1f-4632-932e-b5214ba0bc10",
			"birthdate": "1945-05-27",
			"deathdate": "",
			"ssn": "999-47-1637",
			"drivers": "S99940660",
			"passport": "X43903211X",
			"prefix": "Mr.",
			"first": "Eduardo902",
			"last": "Ybarra887",
			"suffix": "",
			"maiden": "",
			"marital": "M",
			"race": "hispanic",
			"ethnicity": "puerto_rican",
			"gender": "M",
			"birthplace": "Bayamon  Puerto Rico  PR",
			"address": "692 Champlin Landing Apt 76",
			"city": "Boston",
			"state": "Massachusetts",
			"zip": "02108"
		},

		{
			"id": "889d8269-e1ae-4373-ad10-9021395b8ad1",
			"birthdate": "1997-10-01",
			"deathdate": "",
			"ssn": "999-58-6221",
			"drivers": "S99915050",
			"passport": "X53964005X",
			"prefix": "Ms.",
			"first": "Reynalda736",
			"last": "Nolan344",
			"suffix": "",
			"maiden": "",
			"marital": "",
			"race": "white",
			"ethnicity": "italian",
			"gender": "F",
			"birthplace": "Sudbury  Massachusetts  US",
			"address": "299 Hintz Highlands Suite 72",
			"city": "Holyoke",
			"state": "Massachusetts",
			"zip": "01040"
		},

		{
			"id": "e4954420-d873-4d11-9337-7edba229edcd",
			"birthdate": "2006-07-18",
			"deathdate": "",
			"ssn": "999-24-7131",
			"drivers": "",
			"passport": "",
			"prefix": "",
			"first": "Val761",
			"last": "Halvorson124",
			"suffix": "",
			"maiden": "",
			"marital": "",
			"race": "white",
			"ethnicity": "english",
			"gender": "M",
			"birthplace": "Cambridge  Massachusetts  US",
			"address": "891 Grimes Key Suite 52",
			"city": "Chelsea",
			"state": "Massachusetts",
			"zip": "02149"
		},

		{
			"id": "d72cd8ce-f608-4b79-9bf5-56ed27fc57d6",
			"birthdate": "1964-11-19",
			"deathdate": "",
			"ssn": "999-13-8729",
			"drivers": "S99998322",
			"passport": "X36385634X",
			"prefix": "Mrs.",
			"first": "Isabel214",
			"last": "Casillas702",
			"suffix": "",
			"maiden": "Galindo802",
			"marital": "M",
			"race": "hispanic",
			"ethnicity": "puerto_rican",
			"gender": "F",
			"birthplace": "Carolina  Puerto Rico  PR",
			"address": "587 Wunsch Estate",
			"city": "Cohasset",
			"state": "Massachusetts",
			"zip": "02025"
		},

		{
			"id": "9a9e43d6-8269-402d-a33f-35fbca0548ef",
			"birthdate": "2016-12-15",
			"deathdate": "",
			"ssn": "999-58-6347",
			"drivers": "",
			"passport": "",
			"prefix": "",
			"first": "Milton509",
			"last": "Block661",
			"suffix": "",
			"maiden": "",
			"marital": "",
			"race": "white",
			"ethnicity": "italian",
			"gender": "M",
			"birthplace": "Shrewsbury  Massachusetts  US",
			"address": "503 Hane Arcade Suite 23",
			"city": "Boston",
			"state": "Massachusetts",
			"zip": "02108"
		},

		{
			"id": "1d55ff96-90dd-45ad-ae35-a02458612ccc",
			"birthdate": "1981-08-23",
			"deathdate": "",
			"ssn": "999-71-6062",
			"drivers": "S99987561",
			"passport": "X32169263X",
			"prefix": "Mr.",
			"first": "Sol312",
			"last": "Waelchi213",
			"suffix": "",
			"maiden": "",
			"marital": "M",
			"race": "white",
			"ethnicity": "german",
			"gender": "M",
			"birthplace": "Williamstown  Massachusetts  US",
			"address": "894 Denesik Trace",
			"city": "Peabody",
			"state": "Massachusetts",
			"zip": "01940"
		},

		{
			"id": "8f3c4c12-b0c1-4a4d-9a3f-65dde336db30",
			"birthdate": "1942-03-11",
			"deathdate": "",
			"ssn": "999-43-2398",
			"drivers": "S99963159",
			"passport": "X52504865X",
			"prefix": "Mrs.",
			"first": "Windy313",
			"last": "Thiel172",
			"suffix": "",
			"maiden": "Schuster709",
			"marital": "M",
			"race": "white",
			"ethnicity": "german",
			"gender": "F",
			"birthplace": "Springfield  Massachusetts  US",
			"address": "1057 Gutmann Trailer Apt 55",
			"city": "East Longmeadow",
			"state": "Massachusetts",
			"zip": "01028"
		},

		{
			"id": "04d8f626-a354-4fa0-b4c9-606881772c88",
			"birthdate": "1959-09-29",
			"deathdate": "",
			"ssn": "999-40-7037",
			"drivers": "S99946293",
			"passport": "X26509695X",
			"prefix": "Ms.",
			"first": "Lorenza655",
			"last": "Volkman526",
			"suffix": "",
			"maiden": "",
			"marital": "S",
			"race": "white",
			"ethnicity": "irish",
			"gender": "F",
			"birthplace": "Boston  Massachusetts  US",
			"address": "600 Dietrich Rue",
			"city": "Tewksbury",
			"state": "Massachusetts",
			"zip": "01876"
		},

		{
			"id": "ac39bf6f-dd56-4fd3-be11-d001337d548f",
			"birthdate": "1965-12-03",
			"deathdate": "",
			"ssn": "999-70-1775",
			"drivers": "S99930194",
			"passport": "X84260231X",
			"prefix": "Mrs.",
			"first": "Shalon513",
			"last": "Pagac496",
			"suffix": "",
			"maiden": "Bernhard322",
			"marital": "M",
			"race": "white",
			"ethnicity": "italian",
			"gender": "F",
			"birthplace": "Quincy  Massachusetts  US",
			"address": "1051 Thompson Crossroad Apt 30",
			"city": "Cambridge",
			"state": "Massachusetts",
			"zip": "02138"
		},

		{
			"id": "212c4305-a362-4f37-9ac4-c1507ce0f594",
			"birthdate": "1968-10-11",
			"deathdate": "",
			"ssn": "999-51-2821",
			"drivers": "S99996644",
			"passport": "X62645117X",
			"prefix": "Mrs.",
			"first": "Kisha966",
			"last": "Sawayn19",
			"suffix": "",
			"maiden": "Boehm581",
			"marital": "M",
			"race": "white",
			"ethnicity": "english",
			"gender": "F",
			"birthplace": "Milford  Massachusetts  US",
			"address": "966 Jerde Burg",
			"city": "Tewksbury",
			"state": "Massachusetts",
			"zip": "01876"
		},

		{
			"id": "bc8a6fa7-9a73-4344-a8f1-7e15ea749086",
			"birthdate": "1951-08-18",
			"deathdate": "",
			"ssn": "999-94-4147",
			"drivers": "S99978665",
			"passport": "X57013620X",
			"prefix": "Mrs.",
			"first": "Sonia106",
			"last": "Barrios478",
			"suffix": "",
			"maiden": "Ramírez776",
			"marital": "M",
			"race": "hispanic",
			"ethnicity": "mexican",
			"gender": "F",
			"birthplace": "Gaudalajara  Jalisco  MX",
			"address": "755 Quitzon Way",
			"city": "Charlton",
			"state": "Massachusetts",
			"zip": "01507"
		},

		{
			"id": "e582a03a-7865-4872-803d-268c99aec450",
			"birthdate": "1982-12-25",
			"deathdate": "",
			"ssn": "999-63-4352",
			"drivers": "S99984610",
			"passport": "X28967747X",
			"prefix": "Mr.",
			"first": "Jospeh459",
			"last": "Lowe577",
			"suffix": "",
			"maiden": "",
			"marital": "M",
			"race": "white",
			"ethnicity": "italian",
			"gender": "M",
			"birthplace": "Westfield  Massachusetts  US",
			"address": "823 Wyman Mission",
			"city": "Framingham",
			"state": "Massachusetts",
			"zip": "01701"
		},

		{
			"id": "68740cab-c778-43cc-807e-9217f93786d9",
			"birthdate": "1970-06-28",
			"deathdate": "",
			"ssn": "999-92-5508",
			"drivers": "S99912306",
			"passport": "X8545823X",
			"prefix": "Mrs.",
			"first": "Lidia103",
			"last": "Hyatt152",
			"suffix": "",
			"maiden": "Champlin946",
			"marital": "M",
			"race": "white",
			"ethnicity": "italian",
			"gender": "F",
			"birthplace": "Boston  Massachusetts  US",
			"address": "678 Marks Terrace Apt 42",
			"city": "Boston",
			"state": "Massachusetts",
			"zip": "02108"
		},

		{
			"id": "61e4f461-664b-499f-9ef4-e66861d84e60",
			"birthdate": "1968-04-14",
			"deathdate": "",
			"ssn": "999-70-4375",
			"drivers": "S99939739",
			"passport": "X50772432X",
			"prefix": "Mrs.",
			"first": "Alyse240",
			"last": "Kihn564",
			"suffix": "",
			"maiden": "West559",
			"marital": "M",
			"race": "white",
			"ethnicity": "french",
			"gender": "F",
			"birthplace": "Lawrence  Massachusetts  US",
			"address": "643 Gibson Lock Apt 40",
			"city": "Chicopee",
			"state": "Massachusetts",
			"zip": "01013"
		},

		{
			"id": "2f341ac1-1a68-47c5-8d92-8afdeac26261",
			"birthdate": "1980-01-05",
			"deathdate": "",
			"ssn": "999-61-5532",
			"drivers": "S99948166",
			"passport": "X73658817X",
			"prefix": "Mr.",
			"first": "Donnie175",
			"last": "Gulgowski816",
			"suffix": "",
			"maiden": "",
			"marital": "M",
			"race": "white",
			"ethnicity": "french",
			"gender": "M",
			"birthplace": "Webster  Massachusetts  US",
			"address": "177 Streich Manor",
			"city": "Northborough",
			"state": "Massachusetts",
			"zip": "01532"
		},

		{
			"id": "849502ca-987a-48c7-b1d5-01eab8ff39d7",
			"birthdate": "1957-06-10",
			"deathdate": "",
			"ssn": "999-88-4843",
			"drivers": "S99998459",
			"passport": "X46871506X",
			"prefix": "Mrs.",
			"first": "Xiomara943",
			"last": "Rogahn59",
			"suffix": "",
			"maiden": "Schinner682",
			"marital": "M",
			"race": "white",
			"ethnicity": "irish",
			"gender": "F",
			"birthplace": "Chelsea  Massachusetts  US",
			"address": "808 Haley Fork",
			"city": "Northbridge",
			"state": "Massachusetts",
			"zip": "01534"
		},

		{
			"id": "07bae713-4c3f-40ee-be2c-8ba0cef838c5",
			"birthdate": "1952-08-21",
			"deathdate": "",
			"ssn": "999-97-5821",
			"drivers": "S99967767",
			"passport": "X39107879X",
			"prefix": "Mrs.",
			"first": "Ruby458",
			"last": "Gleason633",
			"suffix": "",
			"maiden": "Jacobson885",
			"marital": "M",
			"race": "white",
			"ethnicity": "german",
			"gender": "F",
			"birthplace": "Boston  Massachusetts  US",
			"address": "393 Kling Tunnel Suite 55",
			"city": "Attleboro",
			"state": "Massachusetts",
			"zip": "02703"
		},

		{
			"id": "6277157b-f3ff-4cde-8b73-b70a6b694843",
			"birthdate": "2003-06-02",
			"deathdate": "",
			"ssn": "999-35-3367",
			"drivers": "",
			"passport": "",
			"prefix": "",
			"first": "Kennith515",
			"last": "Kemmer137",
			"suffix": "",
			"maiden": "",
			"marital": "",
			"race": "white",
			"ethnicity": "irish",
			"gender": "M",
			"birthplace": "Webster  Massachusetts  US",
			"address": "606 Hodkiewicz Light",
			"city": "Chicopee",
			"state": "Massachusetts",
			"zip": "01013"
		},

		{
			"id": "d303a995-efd2-4c22-9ced-ec2a7c906862",
			"birthdate": "1987-10-01",
			"deathdate": "",
			"ssn": "999-27-1623",
			"drivers": "S99987017",
			"passport": "X53808858X",
			"prefix": "Mr.",
			"first": "Burl285",
			"last": "Tremblay80",
			"suffix": "",
			"maiden": "",
			"marital": "M",
			"race": "white",
			"ethnicity": "irish",
			"gender": "M",
			"birthplace": "Chicopee  Massachusetts  US",
			"address": "1080 Lowe Green",
			"city": "Somerville",
			"state": "Massachusetts",
			"zip": "02138"
		},

		{
			"id": "701de8f3-6207-4ef7-b2c1-01afe1e0a63c",
			"birthdate": "1993-01-25",
			"deathdate": "",
			"ssn": "999-88-7952",
			"drivers": "S99955257",
			"passport": "X38909124X",
			"prefix": "Ms.",
			"first": "Sherlyn657",
			"last": "Parisian75",
			"suffix": "",
			"maiden": "",
			"marital": "",
			"race": "white",
			"ethnicity": "irish",
			"gender": "F",
			"birthplace": "Gill  Massachusetts  US",
			"address": "1041 Bradtke Overpass Suite 65",
			"city": "Williamstown",
			"state": "Massachusetts",
			"zip": "01267"
		},

		{
			"id": "333897a2-1fb1-43e2-8401-36c96e35c76d",
			"birthdate": "2004-12-11",
			"deathdate": "",
			"ssn": "999-10-6297",
			"drivers": "",
			"passport": "",
			"prefix": "",
			"first": "Eilene124",
			"last": "Marquardt819",
			"suffix": "",
			"maiden": "",
			"marital": "",
			"race": "asian",
			"ethnicity": "asian_indian",
			"gender": "F",
			"birthplace": "Easton  Massachusetts  US",
			"address": "399 Langosh Tunnel",
			"city": "Chelmsford",
			"state": "Massachusetts",
			"zip": "01824"
		},

		{
			"id": "be861ed0-39b3-4cd7-8b75-c56a62894868",
			"birthdate": "1946-03-07",
			"deathdate": "",
			"ssn": "999-41-2085",
			"drivers": "S99998480",
			"passport": "X44238962X",
			"prefix": "Mr.",
			"first": "Horacio317",
			"last": "Wiza601",
			"suffix": "",
			"maiden": "",
			"marital": "M",
			"race": "white",
			"ethnicity": "irish",
			"gender": "M",
			"birthplace": "Granville  Massachusetts  US",
			"address": "205 Rutherford Hollow",
			"city": "Medfield",
			"state": "Massachusetts",
			"zip": "02052"
		},

		{
			"id": "168af060-3b88-40f9-bdda-1bb34d9a30bd",
			"birthdate": "2010-05-09",
			"deathdate": "",
			"ssn": "999-21-1315",
			"drivers": "",
			"passport": "",
			"prefix": "",
			"first": "Kenneth671",
			"last": "Donnelly343",
			"suffix": "",
			"maiden": "",
			"marital": "",
			"race": "white",
			"ethnicity": "french_canadian",
			"gender": "M",
			"birthplace": "Lunenburg  Massachusetts  US",
			"address": "913 Wiza Ranch Suite 76",
			"city": "Lunenburg",
			"state": "Massachusetts",
			"zip": "01462"
		},

		{
			"id": "5f522efa-c1a4-415a-8215-a35e9f5a2d1d",
			"birthdate": "1965-03-15",
			"deathdate": "",
			"ssn": "999-69-8293",
			"drivers": "S99991406",
			"passport": "X62366528X",
			"prefix": "Mr.",
			"first": "Jody426",
			"last": "Graham902",
			"suffix": "",
			"maiden": "",
			"marital": "M",
			"race": "hispanic",
			"ethnicity": "mexican",
			"gender": "M",
			"birthplace": "Medford  Massachusetts  US",
			"address": "509 Prohaska Road Suite 37",
			"city": "Andover",
			"state": "Massachusetts",
			"zip": "01810"
		},

		{
			"id": "d734285e-772d-4cc6-840d-2e9454d43579",
			"birthdate": "1951-12-25",
			"deathdate": "2005-01-11",
			"ssn": "999-43-3582",
			"drivers": "S99981205",
			"passport": "X89842768X",
			"prefix": "Mr.",
			"first": "Trey250",
			"last": "Gottlieb798",
			"suffix": "",
			"maiden": "",
			"marital": "M",
			"race": "white",
			"ethnicity": "italian",
			"gender": "M",
			"birthplace": "Winchendon  Massachusetts  US",
			"address": "660 Conn Loaf Unit 89",
			"city": "Fall River",
			"state": "Massachusetts",
			"zip": "02720"
		},

		{
			"id": "ca7e30f4-b186-4320-b8d7-6a99d44a5817",
			"birthdate": "1989-12-29",
			"deathdate": "",
			"ssn": "999-29-3088",
			"drivers": "S99943776",
			"passport": "X20402365X",
			"prefix": "Mr.",
			"first": "Enrique929",
			"last": "Legros616",
			"suffix": "",
			"maiden": "",
			"marital": "M",
			"race": "hispanic",
			"ethnicity": "puerto_rican",
			"gender": "M",
			"birthplace": "Ludlow  Massachusetts  US",
			"address": "389 Huel Avenue",
			"city": "Westfield",
			"state": "Massachusetts",
			"zip": "01085"
		},

		{
			"id": "d3871315-7fd5-489f-9645-15e61cd46697",
			"birthdate": "1997-05-06",
			"deathdate": "",
			"ssn": "999-34-3869",
			"drivers": "S99941471",
			"passport": "X83788975X",
			"prefix": "Ms.",
			"first": "Concepción765",
			"last": "Vigil207",
			"suffix": "",
			"maiden": "",
			"marital": "",
			"race": "hispanic",
			"ethnicity": "puerto_rican",
			"gender": "F",
			"birthplace": "Caguas  Puerto Rico  PR",
			"address": "334 Nicolas Heights",
			"city": "Boston",
			"state": "Massachusetts",
			"zip": "02108"
		},

		{
			"id": "fc7a984e-01f6-43cf-aa40-e2848c1d2754",
			"birthdate": "1952-04-07",
			"deathdate": "",
			"ssn": "999-47-8155",
			"drivers": "S99947730",
			"passport": "X68925865X",
			"prefix": "Mrs.",
			"first": "Tori754",
			"last": "VonRueden376",
			"suffix": "",
			"maiden": "Kirlin939",
			"marital": "M",
			"race": "white",
			"ethnicity": "german",
			"gender": "F",
			"birthplace": "Spencer  Massachusetts  US",
			"address": "447 Stokes Grove",
			"city": "Norton",
			"state": "Massachusetts",
			"zip": "02766"
		},

		{
			"id": "cd94ec8b-a0cf-4be7-846a-b9cf205e4f24",
			"birthdate": "1984-11-23",
			"deathdate": "",
			"ssn": "999-91-9017",
			"drivers": "S99915382",
			"passport": "X83783573X",
			"prefix": "Mr.",
			"first": "Judson999",
			"last": "Daugherty69",
			"suffix": "",
			"maiden": "",
			"marital": "M",
			"race": "white",
			"ethnicity": "german",
			"gender": "M",
			"birthplace": "Westwood  Massachusetts  US",
			"address": "871 Ebert Skyway",
			"city": "Littleton",
			"state": "Massachusetts",
			"zip": "01460"
		},

		{
			"id": "05222a87-3106-4e6e-979b-f5732c2c962e",
			"birthdate": "1963-10-26",
			"deathdate": "2007-07-07",
			"ssn": "999-48-1314",
			"drivers": "S99993393",
			"passport": "X83295801X",
			"prefix": "Mr.",
			"first": "Burl285",
			"last": "Upton904",
			"suffix": "",
			"maiden": "",
			"marital": "M",
			"race": "white",
			"ethnicity": "italian",
			"gender": "M",
			"birthplace": "Springfield  Massachusetts  US",
			"address": "721 Huel Way Unit 12",
			"city": "Falmouth",
			"state": "Massachusetts",
			"zip": "02540"
		},

		{
			"id": "aa25cd5c-92f9-48ee-b563-7de02c404c13",
			"birthdate": "1954-01-18",
			"deathdate": "",
			"ssn": "999-44-9830",
			"drivers": "S99955132",
			"passport": "X78970555X",
			"prefix": "Mr.",
			"first": "Dee580",
			"last": "White193",
			"suffix": "",
			"maiden": "",
			"marital": "M",
			"race": "white",
			"ethnicity": "russian",
			"gender": "M",
			"birthplace": "Boston  Massachusetts  US",
			"address": "916 Jones Village Unit 55",
			"city": "Boston",
			"state": "Massachusetts",
			"zip": "02108"
		},

		{
			"id": "b4e9cc9a-6057-46ca-a647-c217ebbca6ee",
			"birthdate": "1964-01-22",
			"deathdate": "",
			"ssn": "999-80-5129",
			"drivers": "S99920712",
			"passport": "X3444681X",
			"prefix": "Mr.",
			"first": "Jorge203",
			"last": "Amador986",
			"suffix": "",
			"maiden": "",
			"marital": "M",
			"race": "hispanic",
			"ethnicity": "puerto_rican",
			"gender": "M",
			"birthplace": "Caguas  Puerto Rico  PR",
			"address": "838 Borer Road Suite 59",
			"city": "Boston",
			"state": "Massachusetts",
			"zip": "02108"
		},

		{
			"id": "02e04306-6dc6-4a93-85bd-40a18eb15d28",
			"birthdate": "1963-10-26",
			"deathdate": "",
			"ssn": "999-75-7299",
			"drivers": "S99998950",
			"passport": "X75896505X",
			"prefix": "Mr.",
			"first": "William805",
			"last": "Runte676",
			"suffix": "",
			"maiden": "",
			"marital": "S",
			"race": "white",
			"ethnicity": "italian",
			"gender": "M",
			"birthplace": "Fitchburg  Massachusetts  US",
			"address": "181 Hessel Bridge",
			"city": "Falmouth",
			"state": "Massachusetts",
			"zip": "02540"
		},

		{
			"id": "17e1a347-8e15-4f6c-bf9c-7d7b717cfc73",
			"birthdate": "1951-12-25",
			"deathdate": "",
			"ssn": "999-86-1581",
			"drivers": "S99957491",
			"passport": "X31027011X",
			"prefix": "Mr.",
			"first": "Toby274",
			"last": "Buckridge80",
			"suffix": "",
			"maiden": "",
			"marital": "S",
			"race": "white",
			"ethnicity": "italian",
			"gender": "M",
			"birthplace": "North Reading  Massachusetts  US",
			"address": "438 O'Reilly Lock Unit 83",
			"city": "Fall River",
			"state": "Massachusetts",
			"zip": "02720"
		}
	]
}